PlotID,Tree,Site,Species,Canopy,Status,DBH,Distance,Azimuth,x,yHMC2,37,HMC Rush Lake,ACSA,C,Li,56.3,3.4,204,-1.382904586,-3.106054556HMC2,27,HMC Rush Lake,TSCA,I,Li,37.9,6.4,184,-0.446441432,-6.384409922HMC2,2,HMC Rush Lake,TSCA,I,Li,20.1,10.3,185,-0.89770415,-10.26080539HMC2,30,HMC Rush Lake,TSCA,,Sn,49.3,12.6,186,-1.317058637,-12.53097588HMC2,31,HMC Rush Lake,TSCA,C,Li,47.5,9.4,220,-6.042203531,-7.200817765HMC2,38,HMC Rush Lake,TSCA,D,Li,73.5,14.3,213,-7.788338201,-11.99298912HMC2,39,HMC Rush Lake,TSCA,,Sn,17.1,16.1,209,-7.805434886,-14.08137728HMC2,40,HMC Rush Lake,TSCA,I,Li,30.5,12.4,248,-11.4970798,-4.645121758HMC2,41,HMC Rush Lake,TSCA,I,Li,40.3,14.4,252,-13.69521383,-4.449844719HMC2,42,HMC Rush Lake,TSCA,D,Li,68.2,6.9,272,-6.895796706,0.240806527HMC2,43,HMC Rush Lake,TSCA,D,Li,53.3,3,311,-2.264128741,1.968177087HMC2,44,HMC Rush Lake,TSCA,C,Li,47.9,6.1,310,-4.672871103,3.921004419HMC2,45,HMC Rush Lake,TSCA,I,Li,36.5,11.6,305,-9.502163714,6.653486662HMC2,46,HMC Rush Lake,ACSA,D,Li,44,14.9,307,-11.8996691,8.967043845HMC2,47,HMC Rush Lake,TSCA,C,Li,44.9,5.7,29,2.763414835,4.985332331HMC2,48,HMC Rush Lake,TSCA,D,Li,61.5,14,3,0.732703387,13.98081349HMC2,49,HMC Rush Lake,TSCA,I,Li,37.9,14.8,349,-2.823973132,14.52808232HMC2,50,HMC Rush Lake,TSCA,D,Li,78.3,13.8,32,7.312885846,11.70306373HMC2,51,HMC Rush Lake,TSCA,D,Li,66.4,11.1,54,8.980088638,6.5244163HMC2,52,HMC Rush Lake,TSCA,S,Li,19.5,10.3,60,8.920061659,5.15HMC2,53,HMC Rush Lake,TSCA,C,Li,39.7,14.7,78,14.37876973,3.056301855HMC2,54,HMC Rush Lake,TIAM,D,Li,59.9,5.5,75,5.312592045,1.423504748HMC2,55,HMC Rush Lake,TSCA,C,Li,47.7,11.8,101,11.58320076,-2.251546145HMC2,56,HMC Rush Lake,ACSA,D,Li,62.8,13,104,12.61384444,-3.144984643HMC2,57,HMC Rush Lake,TSCA,,Sn,61,9.9,127,7.906491549,-5.957968729HMC2,58,HMC Rush Lake,TIAM,,Sn,50,10.3,155,4.352968096,-9.334970206HMC4,114,HMC Rush Lake,TSCA,I,Li,22,3.2,234,-2.588854382,-1.880912807HMC4,123,HMC Rush Lake,TSCA,C,Li,49.4,5.4,220,-3.471053092,-4.136639993HMC4,122,HMC Rush Lake,TSCA,I,Li,24.9,10.6,237,-8.88990802,-5.773173771HMC4,162,HMC Rush Lake,TSCA,D,Li,58,15.3,219,-9.628601983,-11.89033321HMC4,197,HMC Rush Lake,TSCA,D,Li,73.3,9.1,193,-2.047054595,-8.86676759HMC4,173,HMC Rush Lake,TSCA,S,Li,14.4,9.1,170,1.580198417,-8.961750552HMC4,124,HMC Rush Lake,TSCA,I,Li,20.6,13.9,165,3.597584727,-13.42636899HMC4,119,HMC Rush Lake,TSCA,I,Li,26.9,16,178,0.558391947,-15.99025323HMC4,117,HMC Rush Lake,TSCA,,Sn,12.9,10.9,146,6.095202648,-9.036509541HMC4,163,HMC Rush Lake,ACSA,C,Li,49,15.2,152,7.135967754,-13.42080341HMC4,196,HMC Rush Lake,TSCA,C,Li,36.5,2.9,129,2.253723288,-1.825029134HMC4,192,HMC Rush Lake,TSCA,C,Li,38.7,6.1,127,4.871676611,-3.671071641HMC4,120,HMC Rush Lake,ACSA,D,Li,38,10.6,135,7.495331881,-7.495331881HMC4,121,HMC Rush Lake,TSCA,I,Li,24.6,13.9,138,9.300915428,-10.32971307HMC4,113,HMC Rush Lake,BEAL,D,Li,41.8,15.3,136,10.62827307,-11.00589895HMC4,198,HMC Rush Lake,BEAL,D,Li,54.6,9.6,115,8.700554756,-4.057135313HMC4,166,HMC Rush Lake,TSCA,S,Li,19,10.7,118,9.447539244,-5.023345722HMC4,175,HMC Rush Lake,TIAM,D,Li,47,12.5,120,10.82531755,-6.25HMC4,118,HMC Rush Lake,TSCA,C,Li,46.8,14.1,122,11.95747816,-7.471861626HMC4,125,HMC Rush Lake,TSCA,D,Li,52.9,16,120,13.85640646,-8HMC4,115,HMC Rush Lake,TSCA,D,Li,69,6.3,78,6.162329885,1.309843652HMC4,116,HMC Rush Lake,TSCA,S,Li,21.5,11,85,10.95814168,0.95871317HMC4,195,HMC Rush Lake,TSCA,I,Li,27.2,13.5,92,13.49177616,-0.471143205HMC4,194,HMC Rush Lake,TSCA,I,Li,22.6,12.5,74,12.0157712,3.445466948HMC4,164,HMC Rush Lake,TSCA,I,Li,31.7,5.2,20,1.778504745,4.886401628HMC4,17,HMC Rush Lake,TSCA,C,Li,39.6,8.9,25,3.761302529,8.066139305HMC4,16,HMC Rush Lake,TSCA,Sn,Sn,93.4,13.6,34,7.605023487,11.27491099HMC4,91,HMC Rush Lake,TSCA,I,Li,17.8,13.8,11,2.633164136,13.54645513HMC4,15,HMC Rush Lake,TSCA,C,Li,41.4,10.2,330,-5.1,8.833459119HMC4,37,HMC Rush Lake,TSCA,Sn,Sn,15.2,9.5,329,-4.892861712,8.143089357HMC4,88,HMC Rush Lake,TSCA,I,Li,25.1,14.4,343,-4.210152548,13.77078849HMC4,14,HMC Rush Lake,ACSA,D,Li,59.6,16,337,-6.251698056,14.72807766HMC4,13,HMC Rush Lake,BEAL,Sn,Sn,61,5.5,315,-3.889087297,3.889087297HMC4,12,HMC Rush Lake,ACSA,C,Li,35.9,6.6,322,-4.063365737,5.200870974HMC4,18,HMC Rush Lake,TSCA,I,Li,26.7,10,326,-5.591929035,8.290375726HMC4,81,HMC Rush Lake,TSCA,C,Li,32.1,6.5,295,-5.891000616,2.747018701HMC4,58,HMC Rush Lake,TSCA,C,Li,34.4,7.9,295,-7.159831518,3.338684268HMC4,38,HMC Rush Lake,TSCA,D,Li,89.5,13.7,305,-11.22238301,7.857997178HMC4,24,HMC Rush Lake,TSCA,Sn,Sn,17.6,8.8,287,-8.415481852,2.572871002HMC4,29,HMC Rush Lake,BEAL,D,Li,57.1,13.2,273,-13.18190986,0.690834622HMC4,11,HMC Rush Lake,TSCA,I,Li,19.9,16,271,-15.99756312,0.279238503HMC4,26,HMC Rush Lake,TSCA,D,Li,57.9,11.2,264,-11.13864523,-1.170718789